Symbol,buys,MT
AMTB,19,800
NUTX,19,700
AVD,18,600
HT,18,800
LVWR,18,800
OSG,18,800
PKE,18,800
SES,18,800
SMRT,18,800
SOPH,18,700
TGH,18,800
UHT,18,600
AES,17,500
AM,17,400
AME,17,500
AMPX,17,800
AZZ,17,600
CONX,17,700
DBRG,17,800
GNE,17,800
GRNT,17,800
HIG,17,500
HRMY,17,700
HTH,17,600
IMAX,17,800
JBT,17,600
KNX,17,400
MCK,17,500
OGE,17,400
PII,17,400
PRM,17,800
RCL,17,500
RMAX,17,800
RYAM,17,800
SAVA,17,700
SBOW,17,800
SNY,17,700
TEX,17,400
WBS,17,400
WM,17,500
ACAH,16,700
ADM,16,500
AHH,16,600
AMPL,16,700
AVAH,16,700
AY,16,700
BBWI,16,500
CB,16,500
CBRE,16,500
CCO,16,800
CHS,16,600
CIFR,16,700
CNK,16,600
CRUS,16,700
CTVA,16,500
DAR,16,400
EAF,16,800
EXEL,16,700
FA,16,700
FFIE,16,700
FFWM,16,800
FLNC,16,700
FLR,16,400
FOR,16,800
GEO,16,600
GRAB,16,700
HRT,16,800
IEX,16,500
IP,16,500
KFS,16,800
LSXMK,16,700
LXU,16,800
MDU,16,400
MGNX,16,700
MGY,16,800
MNKD,16,700
MOS,16,500
NAPA,16,800
NAT,16,800
NRGV,16,800
NSA,16,400
ORGO,16,700
OVV,16,400
OXY,16,500
PAGP,16,700
PAGS,16,800
REAL,16,700
REGN,16,700
SG,16,800
SIGA,16,700
SIX,16,600
SLGN,16,400
SMP,16,600
SON,16,400
STT,16,500
SUM,16,800
SWTX,16,700
TBI,16,600
TEL,16,500
TFC,16,500
THO,16,400
TSEM,16,700
TSN,16,500
UBSI,16,700
URI,16,500
VFS,16,700
WEN,16,700
WIRE,16,700
WOOF,16,700
ABG,15,600
ALLY,15,400
ARGX,15,700
ASND,15,700
AUB,15,600
AVY,15,500
BKH,15,400
BRSP,15,800
CALX,15,400
CDRE,15,800
CHGG,15,800
CPB,15,500
CPK,15,600
ENVA,15,600
EPAC,15,600
EXC,15,700
GLT,15,800
GOGL,15,700
INTA,15,700
KRC,15,400
LHX,15,500
LMND,15,800
LOB,15,800
MA,15,500
MPLN,15,800
OLN,15,400
PCG,15,500
PKST,15,800
PLUG,15,700
PZZA,15,700
SAIA,15,700
SCRM,15,700
SFM,15,700
SLM,15,700
SRCL,15,700
TNK,15,800
TRMB,15,700
VTRS,15,700
WEC,15,500
WY,15,500
Z,15,700
AAN,14,800
ABT,14,500
AGX,14,800
ALGM,14,700
AMCR,14,500
AMKR,14,700
AMPS,14,800
AMT,14,500
ANDE,14,700
AVID,14,700
BHE,14,600
BOC,14,800
BTU,14,800
CLF,14,400
CMRE,14,800
CMS,14,500
CPRT,14,700
CR,14,400
DDD,14,600
EL,14,500
ESAB,14,400
EVLV,14,700
G,14,400
GATE,14,700
GGR,14,700
GIS,14,500
GMAB,14,700
HLT,14,500
INSW,14,800
JLL,14,400
K,14,500
KEY,14,500
KO,14,500
LANC,14,700
LBTYA,14,700
LGF.B,14,800
LW,14,500
MANH,14,700
MCW,14,600
MODN,14,800
MOV,14,600
MSA,14,400
MSM,14,400
NBHC,14,600
ORLY,14,700
PRLB,14,600
RARE,14,700
RSI,14,800
SAFT,14,700
SB,14,800
SFBS,14,600
SGHC,14,800
SGML,14,700
SLAB,14,700
SLB,14,500
SPGI,14,500
SPHR,14,800
TER,14,700
VST,14,400
WCC,14,400
YUM,14,500
ZNTL,14,700
AAP,13,600
ADV,13,700
AFG,13,400
AMG,13,400
APPS,13,700
ASAN,13,800
AZO,13,500
BF.B,13,500
BY,13,800
CNC,13,500
DECK,13,400
DG,13,500
DOCU,13,700
EMR,13,500
FANG,13,700
FCNCA,13,700
HAS,13,700
HI,13,600
HRL,13,500
INDV,13,700
IVT,13,800
LPG,13,600
MAT,13,700
MKSI,13,700
MPWR,13,700
MVLA,13,700
OPEN,13,700
PHR,13,800
PSFE,13,800
RGTI,13,700
RMGC,13,700
TNDM,13,700
XPO,13,400
AA,12,400
ADI,12,700
AMRC,12,800
APAC,12,700
BBAI,12,800
BIIB,12,700
BIPC,12,800
BK,12,500
BKD,12,800
BZH,12,800
CHCO,12,700
COMP,12,800
DDS,12,800
DNMR,12,800
DVA,12,500
EQBK,12,800
EVRG,12,700
FAZE,12,700
FHI,12,400
FIHL,12,800
GD,12,500
GFS,12,700
GHRS,12,700
GM,12,500
HIW,12,600
HUBG,12,700
ICE,12,500
IFF,12,500
ILMN,12,700
IVZ,12,500
JILL,12,800
KIM,12,500
KNTE,12,700
L,12,500
LICY,12,800
LKQ,12,700
LSXMA,12,700
MCO,12,500
MFA,12,800
MRC,12,800
MRVL,12,700
MSFT,12,700
NCLH,12,500
NCNO,12,700
NGVT,12,600
NNBR,12,700
NOW,12,500
NXPI,12,700
ODFL,12,700
OSCR,12,800
PLD,12,500
PTON,12,700
QRVO,12,700
SKIL,12,800
SMG,12,400
SRPT,12,700
SWKS,12,700
TJX,12,500
TK,12,800
TROX,12,800
TXN,12,700
VLO,12,500
VLY,12,700
VRTS,12,700
VSAT,12,700
VXRT,12,700
WB,12,700
WBA,12,700
WRK,12,500
WSR,12,600
WTRG,12,400
ZBH,12,500
ACM,11,400
AGYS,11,700
APAM,11,600
CC,11,400
CL,11,500
CMG,11,500
CMND,11,700
CNS,11,800
CRDO,11,700
CUZ,11,400
DTC,11,800
EFX,11,500
ENER,11,700
ENTG,11,700
FIBK,11,700
FSLY,11,800
GWW,11,500
HRI,11,800
HUM,11,500
IMKTA,11,700
IMTX,11,700
ITCI,11,700
KW,11,600
LII,11,400
MEG,11,800
MSGS,11,600
MYE,11,600
PKG,11,500
PLAY,11,700
SHEN,11,700
STLD,11,700
SYM,11,700
T,11,500
TCI,11,800
TPC,11,800
VICR,11,700
WDAY,11,700
WRB,11,500
ZBRA,11,700
ACLS,10,700
ATKR,10,800
AVDL,10,700
BE,10,800
BFLY,10,800
BOH,10,600
CAG,10,500
CHDN,10,700
CIGI,10,700
CLDX,10,700
CNSL,10,700
COUR,10,800
CPF,10,600
CRGY,10,800
CRSP,10,700
DHT,10,800
DO,10,800
DRI,10,500
DTM,10,400
DXCM,10,700
EGP,10,400
ETSY,10,700
EVEX,10,800
F,10,500
FORR,10,700
FWRD,10,700
GILD,10,700
GNTY,10,800
HLF,10,800
HQY,10,700
HXL,10,400
IMPL,10,700
JBL,10,400
KC,10,700
KHC,10,700
LEGN,10,700
MAN,10,400
MEDP,10,700
MKTX,10,700
MLKN,10,700
MLTX,10,700
MTC,10,700
MTD,10,500
NETI,10,800
NVRO,10,800
OTEX,10,700
OUT,10,600
OXBR,10,700
PCRX,10,700
QNST,10,700
REPL,10,700
ROG,10,600
RSG,10,500
SSNC,10,700
TEAM,10,700
TGTX,10,700
TMO,10,500
TTEK,10,700
WAB,10,500
WLK,10,400
XENE,10,700
XP,10,700
ZG,10,700
AESI,9,800
AGIO,9,700
AMRX,9,800
AMZN,9,700
CAMT,9,700
CHK,9,700
CHRW,9,700
COLM,9,700
DRQ,9,600
DVN,9,500
ETR,9,500
FBNC,9,700
GRND,9,800
HPE,9,500
IAS,9,700
IDA,9,400
KURA,9,700
LC,9,800
LGF.A,9,800
MU,9,700
NDAQ,9,700
NTRA,9,700
OLLI,9,700
OPI,9,700
OTTR,9,700
ROKU,9,700
RTX,9,500
SAVE,9,800
SGRY,9,700
SONO,9,700
STEP,9,700
TIGO,9,700
UAA,9,400
VAC,9,400
VICI,9,500
AGM,8,800
ALV,8,400
AMD,8,700
APPN,8,700
AR,8,400
ARCT,8,700
ARRY,8,700
ARW,8,400
AXNX,8,700
BFH,8,600
BRC,8,600
BXC,8,800
CCI,8,500
CCRD,8,800
CLX,8,500
CMA,8,500
CRK,8,600
CSGP,8,700
DKNG,8,700
DSGN,8,700
ENSG,8,700
EQC,8,800
ES,8,500
FOA,8,800
FTV,8,500
GALT,8,700
GBTG,8,800
GKOS,8,600
GME,8,400
HSY,8,500
HUBB,8,500
INTC,8,700
ISTR,8,700
KSS,8,400
LTH,8,800
M,8,400
MBIN,8,700
MBLY,8,700
MHO,8,600
MNDY,8,700
MRCY,8,700
NTCT,8,700
OCN,8,800
OKTA,8,700
OSIS,8,700
PDCO,8,700
PENN,8,700
REYN,8,700
RLI,8,400
RPT,8,600
SCI,8,400
SNPO,8,700
STNE,8,700
TAOP,8,700
TLSA,8,700
ALIT,7,800
CART,7,700
CASY,7,700
CVNA,7,800
DORM,7,700
DPZ,7,500
EBS,7,800
GEHC,7,700
GSHD,7,700
HPQ,7,500
LITE,7,700
MSTR,7,700
NVMI,7,700
OBK,7,800
OLO,7,800
PFGC,7,400
PINC,7,700
RNW,7,700
SCU,7,800
SIRI,7,700
SMMT,7,700
TLS,7,700
TNET,7,800
UDMY,7,700
WAT,7,500
WSBC,7,700
AEVA,6,800
APEI,6,700
ATI,6,600
BEAM,6,700
BILI,6,700
BIO,6,500
BJ,6,400
BORR,6,800
BVH,6,800
BVS,6,700
BYFC,6,700
CAKE,6,700
COKE,6,700
CUBI,6,600
GLUE,6,700
GTLB,6,700
HLVX,6,700
HSIC,6,700
IONS,6,700
IQV,6,500
JACK,6,700
JWN,6,400
LECO,6,700
LMFA,6,700
LNT,6,700
MNST,6,700
MORN,6,700
NGVC,6,800
NI,6,500
NPO,6,600
NWTN,6,700
NXPL,6,700
OLED,6,700
ONL,6,800
PCAR,6,700
PEP,6,700
PFC,6,700
PLAB,6,700
PPC,6,700
RAPT,6,700
REVG,6,800
SEDG,6,700
SEM,6,600
SIMO,6,700
TDC,6,400
TW,6,700
UE,6,600
UNIT,6,700
ADNT,5,400
ALGN,5,700
AMBA,5,700
BKU,5,600
DRS,5,700
ELME,5,600
ESLT,5,700
EW,5,500
EYE,5,700
FET,5,800
IONQ,5,800
MDLZ,5,700
MNRO,5,700
PH,5,500
RDFN,5,700
RGR,5,600
SPWR,5,700
STAA,5,700
TCOM,5,700
TDY,5,500
TPG,5,700
VRNS,5,700
VRSK,5,700
VVV,5,400
WMT,5,500
ACRE,4,800
AGCO,4,400
AMAT,4,700
AMWL,4,800
ANSS,4,700
ASML,4,700
BH,4,800
BMRC,4,700
CBSH,4,700
CCL,4,500
CDNS,4,700
CTRE,4,600
D,4,500
DE,4,500
DEI,4,600
FSV,4,700
GNW,4,600
GPRE,4,700
HPP,4,600
HVT,4,600
INMB,4,700
KMB,4,500
LFST,4,700
LNTH,4,700
MELI,4,700
NMRA,4,700
NNDM,4,700
NVEE,4,700
PNW,4,500
PRMW,4,800
RH,4,400
RXO,4,600
TARO,4,800
TBBK,4,700
TMDX,4,700
ULH,4,700
UNF,4,600
USPH,4,600
WLY,4,600
ADP,3,700
ADPT,3,700
AOMR,3,800
AVDX,3,700
AVIR,3,700
BANC,3,600
BIDU,3,700
BW,3,800
CCK,3,400
CSGS,3,700
EVA,3,800
FRSH,3,700
HIPO,3,800
JJSF,3,700
NIC,3,800
NVST,3,400
PFS,3,600
TIGR,3,700
TLRY,3,700
AAOI,2,700
ALL,2,500
AMED,2,700
AN,2,400
AVO,2,700
AWK,2,500
BGNE,2,700
BRX,2,400
C,2,500
CEVA,2,700
COP,2,500
FCX,2,500
FWONK,2,700
HD,2,500
HOG,2,400
INDB,2,700
KMX,2,500
LILM,2,700
LOGI,2,700
MAA,2,500
MET,2,500
MIR,2,800
MRVI,2,700
NMIH,2,700
ODD,2,700
OLP,2,800
ON,2,700
OXM,2,600
POR,2,400
PPL,2,500
SFL,2,800
SFNC,2,700
SHLS,2,700
SNV,2,400
TRV,2,500
UTL,2,600
UVV,2,600
WTW,2,700
XEL,2,700
AJG,1,500
AMLX,1,700
AORT,1,600
BHVN,1,800
BPOP,1,700
BXP,1,500
CPRX,1,700
CTOS,1,800
CVLT,1,700
FE,1,500
FLEX,1,700
IBM,1,500
MGEE,1,700
MHK,1,500
PDM,1,800
PFSI,1,800
SFIX,1,700
SVV,1,800
TCBK,1,700
TNC,1,600
VSTO,1,600
ZD,1,700
ALE,0,400
ALTG,0,800
ALTR,0,700
ALX,0,800
APP,0,700
ATEC,0,700
AZPN,0,700
BHF,0,700
BRK.B,0,500
CADE,0,400
CAT,0,500
CE,0,500
CINF,0,700
CNNE,0,800
COHU,0,700
COO,0,700
COR,0,500
CTLT,0,500
DCO,0,800
DLX,0,600
EFSC,0,700
EPAM,0,500
EXP,0,400
GERN,0,700
GXO,0,400
HTZ,0,700
HWM,0,500
ICLR,0,700
IMVT,0,700
IOSP,0,700
KELYA,0,700
KTB,0,600
LAD,0,400
LDOS,0,500
LIN,0,500
LPX,0,400
MG,0,800
MLCO,0,700
MPX,0,800
NJR,0,400
NRG,0,500
NUE,0,500
NVRI,0,600
NWN,0,600
PAG,0,400
PEPL,0,700
PGY,0,700
PRG,0,600
ROP,0,700
ROST,0,700
RUN,0,700
SRAD,0,700
SYBT,0,700
TRN,0,600
TTD,0,700
TTI,0,800
UA,0,400
WELL,0,500
CBL,-1,800
CSX,-1,700
ELS,-1,400
ESTE,-1,800
FAST,-1,700
FFIC,-1,700
GABC,-1,700
JD,-1,700
JNPR,-1,500
KMT,-1,600
LCID,-1,700
MCY,-1,600
MGRC,-1,700
NAVI,-1,700
NBTB,-1,700
NRC,-1,700
PCTY,-1,700
POOL,-1,700
QUAD,-1,800
SCHW,-1,500
SILK,-1,700
TALO,-1,600
USNA,-1,600
AEL,-2,600
AFL,-2,500
AVA,-2,600
BL,-2,700
CDAY,-2,500
CFR,-2,400
DGX,-2,500
DOV,-2,500
DY,-2,600
EB,-2,800
FAF,-2,400
FIZZ,-2,700
FRPT,-2,700
GIII,-2,700
GPI,-2,600
GPMT,-2,800
HAL,-2,500
HWC,-2,700
IIIN,-2,600
JAMF,-2,700
KRYS,-2,700
LEA,-2,400
LSTR,-2,700
MMC,-2,500
MTTR,-2,700
NBIX,-2,700
NXDT,-2,800
PNC,-2,500
PPG,-2,500
PRGO,-2,400
PRME,-2,700
PSA,-2,500
RHI,-2,500
ROK,-2,500
SPSC,-2,700
TKO,-2,400
TPR,-2,500
TXG,-2,700
VLTO,-2,500
WSC,-2,700
XHR,-2,600
AEP,-3,700
AON,-3,500
ASGN,-3,400
BEN,-3,500
CHEF,-3,700
CIO,-3,800
DFS,-3,500
EPRT,-3,600
EWBC,-3,700
EXPE,-3,700
EXPI,-3,700
FTEK,-3,700
GCO,-3,800
HIMS,-3,800
HR,-3,400
KEYS,-3,500
ORA,-3,400
ORI,-3,400
OZK,-3,700
PI,-3,700
PTC,-3,700
PTEN,-3,700
RNGR,-3,800
RYTM,-3,700
SAFE,-3,600
STEL,-3,600
SWAV,-3,700
SXI,-3,600
SYY,-3,500
UNH,-3,500
AAT,-4,600
APH,-4,500
ARCB,-4,700
AVNS,-4,600
BANF,-4,700
BANR,-4,700
BATRK,-4,700
BDN,-4,600
BHIL,-4,800
BLDR,-4,400
BSY,-4,700
CDP,-4,400
CNDT,-4,700
CNP,-4,500
CSCO,-4,700
CWK,-4,600
DAN,-4,600
ESMT,-4,800
FCFS,-4,700
FFIN,-4,700
FROG,-4,700
GLBE,-4,700
GNTX,-4,700
GROM,-4,700
IAC,-4,700
INN,-4,600
LRCX,-4,700
LSCC,-4,700
LZ,-4,700
MKC,-4,500
MP,-4,400
MS,-4,500
MSCI,-4,500
NFLX,-4,700
NICE,-4,700
NPK,-4,600
OHI,-4,400
OPFI,-4,800
PAYX,-4,700
PODD,-4,700
PR,-4,400
PSX,-4,500
RRR,-4,700
SF,-4,400
SSB,-4,700
STR,-4,800
TDG,-4,500
TDW,-4,800
UNM,-4,400
UPS,-4,500
UPWK,-4,700
VBTX,-4,700
WASH,-4,700
BLMN,-5,700
BNTX,-5,700
CFFN,-5,700
CMC,-5,400
EBAY,-5,700
EBF,-5,800
EQIX,-5,700
FITB,-5,700
GNK,-5,800
HAFC,-5,700
HBNC,-5,700
ITW,-5,500
KR,-5,500
KRO,-5,800
MC,-5,600
MTB,-5,500
NEO,-5,700
NR,-5,800
NTAP,-5,700
PCT,-5,700
PYCR,-5,700
SGEN,-5,700
SMCI,-5,700
SMSI,-5,700
SO,-5,500
VNO,-5,400
WT,-5,600
ZI,-5,700
ABCB,-6,700
ADTN,-6,700
AIG,-6,500
ANF,-6,600
APA,-6,700
APLS,-6,700
ARM,-6,700
AX,-6,600
BAX,-6,500
BOKF,-6,700
BOX,-6,800
BRZE,-6,700
BZ,-6,700
CABO,-6,400
CACC,-6,700
COLB,-6,700
CRM,-6,500
DK,-6,800
DOW,-6,500
DUK,-6,500
EBTC,-6,700
ED,-6,500
ENFN,-6,800
EVBG,-6,700
EVTC,-6,600
EXPD,-6,700
FRGE,-6,800
FULT,-6,700
GDYN,-6,700
GRC,-6,800
IBKR,-6,700
IIPR,-6,600
INTU,-6,700
JAZZ,-6,700
JKHY,-6,700
JPM,-6,500
LLY,-6,500
LOW,-6,500
MATV,-6,600
MO,-6,500
OOMA,-6,800
PAYO,-6,700
PB,-6,400
PNFP,-6,700
QFIN,-6,700
RDUS,-6,700
RDW,-6,800
RIOT,-6,700
RIVN,-6,700
ROIC,-6,700
SANA,-6,700
SMHI,-6,800
SNBR,-6,700
SOVO,-6,700
TOWN,-6,700
TRGP,-6,500
UAL,-6,700
UCBI,-6,700
UMBF,-6,700
UTHR,-6,700
V,-6,500
VCTR,-6,700
VGR,-6,600
VSCO,-6,600
WDC,-6,700
AAON,-7,700
ACDC,-7,700
ACVA,-7,700
AEE,-7,500
AEHR,-7,700
AFRM,-7,700
AMAM,-7,700
BLK,-7,500
CBU,-7,600
CD,-7,700
CFG,-7,500
COIN,-7,700
COST,-7,700
DNUT,-7,700
FC,-7,800
FSS,-7,600
GBCI,-7,400
GOOGL,-7,700
IBOC,-7,700
INTR,-7,700
IPI,-7,800
ITT,-7,400
KLIC,-7,700
KREF,-7,600
MRO,-7,500
NWS,-7,700
OIS,-7,600
PEG,-7,500
PFE,-7,500
PPBI,-7,700
REZI,-7,600
RYN,-7,400
SBCF,-7,700
SBH,-7,600
SEAS,-7,800
AIR,-8,600
ALK,-8,500
AMR,-8,800
AOS,-8,500
ASB,-8,400
AVPT,-8,700
AXON,-8,700
BCO,-8,400
BERY,-8,400
BGS,-8,600
BMY,-8,500
BWXT,-8,400
CAH,-8,500
CAR,-8,700
CHE,-8,400
CNMD,-8,600
CVAC,-8,700
CVBF,-8,700
DAL,-8,500
DHI,-8,500
DOX,-8,700
DSGX,-8,700
DTE,-8,500
ECL,-8,500
FCF,-8,600
FDX,-8,500
FHB,-8,700
FI,-8,500
FIX,-8,600
FN,-8,600
FORM,-8,700
FRHC,-8,700
GE,-8,500
HBAN,-8,700
HYLN,-8,800
IMGN,-8,700
IPAR,-8,700
KOS,-8,800
LADR,-8,800
LEN,-8,500
LOPE,-8,700
MAR,-8,700
MBUU,-8,700
MCHP,-8,700
MDGL,-8,700
MOMO,-8,700
MYGN,-8,700
NKLA,-8,700
NREF,-8,800
NTST,-8,800
NUS,-8,600
OKE,-8,500
PEN,-8,400
PHM,-8,500
PM,-8,500
PNM,-8,400
QDEL,-8,700
RAMP,-8,600
RCKT,-8,700
RDNT,-8,700
SDGR,-8,700
SJW,-8,600
SPG,-8,500
SPNT,-8,600
SPT,-8,700
SSP,-8,700
SWI,-8,800
THG,-8,400
TMUS,-8,700
TPB,-8,800
TRTX,-8,800
TWI,-8,600
UGI,-8,400
UPST,-8,700
VERA,-8,700
VMI,-8,400
WERN,-8,700
WFC,-8,500
WWD,-8,700
XPEL,-8,700
XRX,-8,700
ZION,-8,700
ZTS,-8,500
ABNB,-9,700
ACGL,-9,700
ACHC,-9,700
AMPY,-9,800
APTV,-9,500
AROC,-9,600
ASIX,-9,600
ATO,-9,500
AUPH,-9,700
BFST,-9,700
BGC,-9,700
BKNG,-9,700
BPMC,-9,700
BRBR,-9,400
BRCC,-9,800
CATY,-9,700
CERE,-9,700
CF,-9,500
CORT,-9,700
CTRA,-9,500
CTSH,-9,700
CUBE,-9,400
CVX,-9,500
CWST,-9,700
DAWN,-9,700
DFH,-9,800
DM,-9,800
DNOW,-9,600
EEX,-9,800
EPR,-9,400
EVCM,-9,700
EVR,-9,400
EXR,-9,500
FIGS,-9,800
FIS,-9,500
FRME,-9,700
GNRC,-9,500
GWH,-9,800
INCY,-9,700
IQ,-9,700
KMI,-9,500
KWR,-9,600
LYFT,-9,700
LYV,-9,500
MCB,-9,800
MED,-9,600
NEE,-9,500
NVDA,-9,700
NVR,-9,500
ORCL,-9,500
PCH,-9,700
PSMT,-9,700
PTCT,-9,700
RF,-9,500
RVMD,-9,700
SAH,-9,600
SBAC,-9,700
SHO,-9,600
SNX,-9,400
TBLA,-9,700
TGNA,-9,400
TH,-9,700
TT,-9,500
TWST,-9,700
VCYT,-9,700
VEON,-9,700
VERV,-9,700
VMC,-9,500
VTYX,-9,700
WABC,-9,700
WSFS,-9,700
WU,-9,400
X,-9,400
AEIS,-10,700
AIRS,-10,700
AKAM,-10,700
AKRO,-10,700
AXSM,-10,700
BAC,-10,500
BCC,-10,600
BFS,-10,600
BMRN,-10,700
BR,-10,500
BSIG,-10,600
BUSE,-10,700
BX,-10,500
CCOI,-10,700
CEG,-10,700
CEIX,-10,600
CENN,-10,700
CERT,-10,700
CLH,-10,400
CMCSA,-10,700
COF,-10,500
COOK,-10,800
CPE,-10,600
CROX,-10,700
CRS,-10,600
CRSR,-10,700
CSWI,-10,700
CTKB,-10,700
CYCN,-10,700
DBI,-10,600
DCOM,-10,700
DD,-10,500
DLR,-10,500
DNLI,-10,700
DOCN,-10,800
DVAX,-10,700
EE,-10,800
EGLE,-10,800
EHC,-10,400
ENLT,-10,700
ENPH,-10,700
ENVX,-10,700
EOG,-10,500
ESTA,-10,700
EVRI,-10,800
FBRX,-10,700
FIVN,-10,700
FLNG,-10,800
FLS,-10,400
FLT,-10,500
FLYW,-10,700
FNB,-10,400
FOLD,-10,700
FPI,-10,800
GDOT,-10,600
GLW,-10,500
GO,-10,700
GOOG,-10,700
HALO,-10,700
HBI,-10,600
HMN,-10,600
HON,-10,700
HP,-10,600
IBP,-10,600
ICFI,-10,700
IOVA,-10,700
ISRG,-10,700
ITRI,-10,700
KEX,-10,400
KRNY,-10,700
LAMR,-10,700
LBTYK,-10,700
LH,-10,500
LKFN,-10,700
MAS,-10,500
MATX,-10,600
MDB,-10,700
MEOH,-10,700
META,-10,700
MOG.A,-10,600
MRNA,-10,700
MRTN,-10,700
MTDR,-10,400
NBR,-10,600
NSIT,-10,700
NTRS,-10,700
NVEI,-10,700
NWE,-10,700
NYT,-10,400
O,-10,500
OC,-10,400
OCFC,-10,700
ONB,-10,700
OTIS,-10,500
PXD,-10,500
PYPL,-10,700
RC,-10,600
RGLD,-10,700
RGNX,-10,700
ROAD,-10,700
RYZB,-10,700
SAIC,-10,400
SEIC,-10,700
SIGI,-10,700
SLCA,-10,600
SR,-10,400
TGI,-10,600
TGT,-10,500
TSQ,-10,800
UDR,-10,500
ULTA,-10,700
USB,-10,500
VAL,-10,400
VAQC,-10,700
VRNA,-10,700
VRNT,-10,700
VRSN,-10,700
VRTX,-10,700
WH,-10,400
WHR,-10,500
WMS,-10,400
WTFC,-10,700
YY,-10,700
AAPL,-11,700
ALRN,-11,700
AMBC,-11,600
ARI,-11,600
ARWR,-11,700
ATMU,-11,800
ATR,-11,400
ATSG,-11,700
BBIO,-11,700
BCBP,-11,700
BRO,-11,500
BRP,-11,700
BSX,-11,500
BXMT,-11,600
BYND,-11,700
CCEP,-11,700
CLNE,-11,700
CNX,-11,400
CTO,-11,800
CURV,-11,800
DEN,-11,800
DFIN,-11,600
DIOD,-11,700
EA,-11,700
EHAB,-11,600
EME,-11,400
ESE,-11,600
ESRT,-11,800
ETNB,-11,700
ETWO,-11,800
EXAS,-11,700
FDS,-11,500
FF,-11,800
FSLR,-11,700
GEF.B,-11,800
GFF,-11,600
GHC,-11,400
GNL,-11,600
GPC,-11,500
GTN,-11,800
HASI,-11,600
HELE,-11,700
HGV,-11,400
HOLX,-11,700
HTLD,-11,700
HY,-11,800
J,-11,500
KALU,-11,700
LCII,-11,600
LGND,-11,700
LNN,-11,600
LUMN,-11,600
LUV,-11,500
MBC,-11,600
MCRI,-11,700
MGM,-11,500
MLNK,-11,800
MNTK,-11,700
MSGE,-11,800
MUSA,-11,400
NHI,-11,800
NTES,-11,700
NWBI,-11,700
OFG,-11,600
PANW,-11,700
PAR,-11,800
PLXS,-11,700
PRIM,-11,800
PRTA,-11,700
RBC,-11,400
RL,-11,500
RLJ,-11,800
RMD,-11,500
RPM,-11,400
RPRX,-11,700
RVLV,-11,800
RVNC,-11,700
SABR,-11,700
STZ,-11,500
TECH,-11,700
THC,-11,400
TKR,-11,400
TREX,-11,400
TXT,-11,500
UCTT,-11,700
VTOL,-11,600
XOM,-11,500
XRAY,-11,700
AAL,-12,700
ACHR,-12,800
ACN,-12,500
ADBE,-12,700
AGNC,-12,700
AIN,-12,600
AMK,-12,800
AMPH,-12,700
APPF,-12,700
ARLP,-12,700
ATRC,-12,700
AXL,-12,600
AZN,-12,700
BALY,-12,800
BECN,-12,700
BIG,-12,800
BKKT,-12,800
CARR,-12,500
CERS,-12,700
CHRD,-12,700
CHTR,-12,700
CIEN,-12,400
CLB,-12,600
COTY,-12,400
CPRI,-12,400
CRC,-12,600
CSTM,-12,800
CSV,-12,800
CXW,-12,600
CYBR,-12,700
DASH,-12,700
DBX,-12,700
DHC,-12,700
DOLE,-12,800
DOOR,-12,800
DRH,-12,600
EGY,-12,800
EMBC,-12,700
EMN,-12,500
ERIE,-12,700
EXPO,-12,700
FBRT,-12,600
FDP,-12,600
FELE,-12,700
FG,-12,800
FHN,-12,400
GH,-12,700
GOGO,-12,700
GPK,-12,400
GPN,-12,500
GRBK,-12,600
GRNQ,-12,700
GTY,-12,600
GVA,-12,600
HCA,-12,500
HCP,-12,700
HLLY,-12,800
HOV,-12,800
HRB,-12,400
HST,-12,700
IDXX,-12,700
IEP,-12,700
IRTC,-12,700
JEF,-12,400
JHG,-12,400
KAR,-12,600
KD,-12,400
KFY,-12,600
KLAC,-12,700
KNF,-12,400
KYMR,-12,700
LFUS,-12,700
LNC,-12,600
LNW,-12,700
LVS,-12,500
LWLG,-12,700
MRK,-12,500
MSEX,-12,700
MSI,-12,500
MTRN,-12,600
MTW,-12,800
MXL,-12,700
NABL,-12,600
NDSN,-12,700
NOG,-12,600
NOV,-12,400
NVT,-12,400
NWSA,-12,700
PARA,-12,700
PECO,-12,700
PG,-12,500
PGRE,-12,800
PIPR,-12,600
PJT,-12,800
PLMR,-12,700
PRCT,-12,700
REG,-12,700
RGEN,-12,700
RLAY,-12,700
RM,-12,800
RNR,-12,400
RRX,-12,400
SAGE,-12,700
SCLX,-12,700
SITM,-12,700
SLRN,-12,700
SNA,-12,500
SOI,-12,800
SPXC,-12,600
SQSP,-12,800
SST,-12,800
STIX,-12,700
STNG,-12,800
STRA,-12,700
SUPN,-12,700
SYF,-12,500
SYNA,-12,700
TFX,-12,500
THR,-12,800
THRM,-12,700
TNL,-12,400
TOL,-12,400
TRMD,-12,700
TRUP,-12,700
TSE,-12,800
TSLA,-12,700
TTEC,-12,700
TTGT,-12,700
VTLE,-12,600
VVI,-12,600
WING,-12,700
WOR,-12,400
WWW,-12,600
WYNN,-12,700
XNCR,-12,700
XYL,-12,500
ACAD,-13,700
ADSK,-13,700
AHCO,-13,700
AIZ,-13,500
ALGT,-13,700
ALTO,-13,700
ARGO,-13,800
ARL,-13,800
ATRI,-13,700
AXTA,-13,400
BARK,-13,800
BDX,-13,500
BG,-13,500
BHLB,-13,600
BKR,-13,700
BOOT,-13,600
BRID,-13,700
BRKR,-13,700
CANO,-13,800
CARG,-13,700
CGNX,-13,700
CHKP,-13,700
CHX,-13,700
CIVI,-13,800
CLBK,-13,700
CLOV,-13,700
CPT,-13,500
CRL,-13,500
CTAS,-13,700
CVCO,-13,700
CYTK,-13,700
DINO,-13,400
DIS,-13,500
DT,-13,400
EAT,-13,600
EBC,-13,700
EDIT,-13,700
EEFT,-13,700
EIG,-13,600
ESS,-13,500
ETD,-13,600
EXLS,-13,700
EYPT,-13,700
FBK,-13,600
FLO,-13,400
FRT,-13,500
GTLS,-13,400
HLNE,-13,700
HOOD,-13,700
HOPE,-13,700
HOUS,-13,600
HSHP,-13,800
IBTX,-13,700
IMCR,-13,700
JOBY,-13,800
LEG,-13,400
LIVN,-13,700
LLYVA,-13,700
LLYVK,-13,700
LPLA,-13,700
MARA,-13,700
MBI,-13,800
MCS,-13,600
MD,-13,600
MGNI,-13,700
MGPI,-13,700
MTCH,-13,700
MUR,-13,400
NARI,-13,700
NC,-13,800
NNN,-13,400
NOVA,-13,800
NVTA,-13,800
NYAX,-13,700
OABI,-13,700
OEC,-13,800
OFLX,-13,700
QCOM,-13,700
RBCAA,-13,700
RJF,-13,500
ROVR,-13,700
RYAAY,-13,700
SCL,-13,600
SEE,-13,500
SEMR,-13,800
SGH,-13,700
SHW,-13,500
SKY,-13,800
SLQT,-13,800
SMR,-13,800
SMTC,-13,700
SRE,-13,500
STC,-13,600
SVC,-13,700
TCBI,-13,700
TFSL,-13,700
THS,-13,600
TNGX,-13,700
TROW,-13,700
TRS,-13,700
TSCO,-13,700
TWKS,-13,700
USFD,-13,400
VNT,-13,400
WAFD,-13,700
WBD,-13,700
A,-14,500
ABCL,-14,700
ACA,-14,600
ACRS,-14,700
ADUS,-14,700
AGTI,-14,600
AKR,-14,600
ALEX,-14,600
ALG,-14,600
ALLK,-14,700
AMP,-14,500
ANET,-14,500
APM,-14,700
ASPN,-14,800
ATEN,-14,600
AUR,-14,700
AVAV,-14,700
AWR,-14,600
AXP,-14,500
BC,-14,400
BKSY,-14,800
BLKB,-14,700
BOWL,-14,800
BRT,-14,800
BWA,-14,500
CACI,-14,400
CALM,-14,700
CATO,-14,800
CCCS,-14,700
CELH,-14,700
CHD,-14,500
CI,-14,500
CIM,-14,800
CODI,-14,800
CRWD,-14,700
CSL,-14,400
CZR,-14,700
DHR,-14,500
DHX,-14,800
DIN,-14,600
DLB,-14,400
DLTR,-14,700
DOC,-14,400
DOOO,-14,700
DV,-14,600
DX,-14,800
ENS,-14,400
ENV,-14,400
ESGR,-14,700
ETN,-14,500
EXTR,-14,700
FBP,-14,600
FCPT,-14,600
FICO,-14,500
FR,-14,400
FUL,-14,600
FUTU,-14,700
GBX,-14,600
GDEN,-14,700
GEN,-14,700
GLPI,-14,700
GMED,-14,400
GSM,-14,700
HAE,-14,400
HCI,-14,600
HLX,-14,600
HOMB,-14,400
HTHT,-14,700
HURN,-14,700
IDCC,-14,700
INBX,-14,700
INDI,-14,700
INMD,-14,700
IR,-14,500
IRM,-14,500
JBI,-14,800
JCI,-14,500
JELD,-14,800
JOE,-14,600
KAMN,-14,600
KMPR,-14,400
KNSL,-14,400
KNTK,-14,800
KRG,-14,400
KTOS,-14,700
LILAK,-14,700
LTC,-14,600
LULU,-14,700
LYB,-14,500
MATW,-14,700
MAXN,-14,700
MGIC,-14,700
MIDD,-14,700
MPC,-14,500
MTH,-14,600
MVIS,-14,700
NE,-14,800
NEGG,-14,700
NEOG,-14,700
NEU,-14,400
NLY,-14,400
NOTE,-14,800
NSP,-14,400
NVCR,-14,700
ODP,-14,700
OI,-14,600
OPK,-14,700
PBF,-14,400
PEAK,-14,500
PEB,-14,600
PFG,-14,700
PGNY,-14,700
PINE,-14,800
PL,-14,800
PRU,-14,500
PUMP,-14,600
RBOT,-14,800
REX,-14,600
REXR,-14,400
RHP,-14,800
RKLB,-14,700
RRC,-14,400
RUSHA,-14,700
RVTY,-14,500
SAM,-14,400
SCHL,-14,700
SCOR,-14,700
SHC,-14,700
SKIN,-14,700
SMPL,-14,700
SOFI,-14,700
SPCE,-14,800
SSD,-14,400
ST,-14,400
SWK,-14,500
TMST,-14,600
TPX,-14,400
TRMK,-14,700
TTWO,-14,700
TYL,-14,500
UFPI,-14,700
UNP,-14,500
UPBD,-14,700
VRRM,-14,700
VTR,-14,500
WFRD,-14,700
WST,-14,500
YETI,-14,400
ABCM,-15,700
ADEA,-15,700
AEO,-15,600
ALNY,-15,700
AMRK,-15,700
ARIS,-15,800
ASO,-15,700
BA,-15,500
BALL,-15,500
BBUC,-15,800
BKE,-15,600
BNL,-15,800
CAL,-15,600
CBT,-15,400
CDW,-15,700
CENTA,-15,700
CFLT,-15,700
CG,-15,700
CHCI,-15,700
CHH,-15,400
CMCO,-15,700
CMP,-15,600
CNXC,-15,700
CRTO,-15,700
CSR,-15,600
CTS,-15,600
CVS,-15,500
CW,-15,400
DDOG,-15,700
DOCS,-15,400
EG,-15,500
EIX,-15,500
EQR,-15,500
EQT,-15,500
ETRN,-15,400
FMC,-15,500
FNF,-15,400
FOXA,-15,700
FTNT,-15,700
FWONA,-15,700
GCI,-15,800
GDDY,-15,400
GMRE,-15,800
GOLF,-15,800
GT,-15,700
ICUI,-15,700
IDT,-15,800
IPGP,-15,700
IT,-15,500
IVR,-15,600
JBHT,-15,700
JNJ,-15,500
JRVR,-15,700
KBH,-15,400
KDP,-15,700
KIND,-15,800
KOP,-15,600
KRNT,-15,700
KROS,-15,700
LAW,-15,800
LBRT,-15,600
LGIH,-15,700
LXP,-15,600
ME,-15,700
MMM,-15,500
MOD,-15,800
MPW,-15,400
MRTX,-15,700
MTSI,-15,700
NKE,-15,500
NNI,-15,800
NOVT,-15,700
NSC,-15,500
NWL,-15,700
NX,-15,600
OGS,-15,400
ONTF,-15,800
PDFS,-15,700
PHIN,-15,600
PMT,-15,600
PRI,-15,400
PROK,-15,700
PX,-15,800
RILY,-15,700
RPD,-15,700
SBRA,-15,700
SKX,-15,400
SLP,-15,700
SSTK,-15,600
TAP,-15,500
TG,-15,800
TR,-15,600
TRDA,-15,700
TTMI,-15,700
VIAV,-15,700
VRE,-15,600
VZ,-15,500
WDFC,-15,700
WMB,-15,500
YELP,-15,600
ABBV,-16,500
ABM,-16,600
ABR,-16,600
ACCD,-16,700
ACEL,-16,800
ACIW,-16,700
ACLX,-16,700
ACT,-16,700
AGO,-16,600
ALB,-16,500
ALKS,-16,700
ALRM,-16,700
AMEH,-16,700
AMGN,-16,700
AMN,-16,600
APD,-16,500
APG,-16,800
APLE,-16,600
ARR,-16,600
ASH,-16,400
ASTE,-16,700
ATGE,-16,600
AVB,-16,500
AVGO,-16,700
AVNT,-16,400
AVT,-16,700
AZTA,-16,700
BHAC,-16,700
BHR,-16,800
BLD,-16,400
BLX,-16,800
BMI,-16,600
BV,-16,800
BYD,-16,400
CARS,-16,600
CHCT,-16,600
CLDT,-16,600
CLPR,-16,800
CME,-16,700
CMI,-16,500
CMPR,-16,700
CNO,-16,400
CNXN,-16,700
COOP,-16,700
CPS,-16,800
CRI,-16,400
CSIQ,-16,700
CWH,-16,800
CWT,-16,600
CXM,-16,800
CXT,-16,400
DCI,-16,400
DKS,-16,400
DOUG,-16,800
DUOL,-16,700
ELF,-16,600
ELV,-16,500
ESNT,-16,400
FCN,-16,400
FFBC,-16,700
FFIV,-16,700
FIVE,-16,700
FL,-16,600
FOX,-16,700
FOXF,-16,700
FSR,-16,800
FTRE,-16,700
FUBO,-16,800
GATX,-16,400
GES,-16,600
GL,-16,500
GLNG,-16,700
GMS,-16,600
GPOR,-16,800
GPS,-16,400
GS,-16,500
GTX,-16,700
HAYW,-16,600
HCC,-16,600
HES,-16,500
HLIO,-16,800
HLIT,-16,700
HLMN,-16,700
HLTH,-16,700
HNI,-16,600
INBK,-16,700
INGR,-16,400
INSM,-16,700
INST,-16,800
INVA,-16,700
INVH,-16,500
INVZ,-16,700
IRDM,-16,700
IRT,-16,400
ITGR,-16,600
JXN,-16,600
KAI,-16,800
KBR,-16,400
KRTX,-16,700
LAZR,-16,700
LI,-16,700
LLAP,-16,800
LMT,-16,500
LRN,-16,600
LTHM,-16,600
LXFR,-16,800
LYEL,-16,700
LZB,-16,600
MAC,-16,600
MASI,-16,700
MDC,-16,600
MDT,-16,500
MEC,-16,800
MLI,-16,600
MLM,-16,500
MMI,-16,600
MMS,-16,400
MMSI,-16,700
MMYT,-16,700
MODG,-16,400
MORF,-16,700
MRUS,-16,700
MTN,-16,400
MTZ,-16,400
MVST,-16,700
MWA,-16,800
NFG,-16,400
NL,-16,800
NN,-16,700
NOC,-16,500
NRIX,-16,700
NUVL,-16,700
NVTS,-16,700
NXGN,-16,700
NXST,-16,700
OMC,-16,500
OMCL,-16,700
OMI,-16,600
ONTO,-16,600
ORC,-16,800
OSK,-16,400
OSTK,-16,700
PARR,-16,600
PBI,-16,600
PCVX,-16,700
PD,-16,800
PGTI,-16,600
PK,-16,400
PLNT,-16,400
PLTK,-16,700
PLUS,-16,700
PLYA,-16,700
PNR,-16,500
POST,-16,400
POWI,-16,700
PRA,-16,600
PRGS,-16,700
PRVA,-16,700
PTVE,-16,700
PWR,-16,500
PWSC,-16,800
QLYS,-16,700
QTWO,-16,800
RDWR,-16,700
RELY,-16,700
RGA,-16,400
RMBS,-16,700
ROL,-16,500
RXRX,-16,700
RYI,-16,800
SANM,-16,700
SCS,-16,800
SDRL,-16,800
SHOO,-16,700
SJM,-16,500
SM,-16,600
SNPS,-16,700
SPLK,-16,700
SPNS,-16,700
SRI,-16,800
SSRM,-16,700
SSYS,-16,700
STE,-16,500
STEM,-16,800
SVRA,-16,700
SXC,-16,600
SXT,-16,600
TENB,-16,700
TLYS,-16,800
TMHC,-16,400
TPH,-16,600
TRNO,-16,800
TWNK,-16,700
TWO,-16,600
TXRH,-16,700
UHS,-16,500
UNFI,-16,600
VC,-16,700
VFC,-16,500
VIRT,-16,700
VMEO,-16,700
VNOM,-16,700
VOYA,-16,400
VSH,-16,400
WD,-16,600
WEX,-16,400
WIX,-16,700
WKC,-16,600
WOLF,-16,400
WSM,-16,400
WTS,-16,400
WVE,-16,700
ZM,-16,700
ACCO,-17,800
ADC,-17,400
AGS,-17,800
AIRC,-17,400
AIT,-17,600
AIV,-17,800
ALLE,-17,500
ANGO,-17,700
ARCH,-17,800
ARE,-17,500
ARLO,-17,600
ARMK,-17,400
AYI,-17,400
B,-17,600
BBW,-17,800
BBY,-17,500
BCPC,-17,700
BDC,-17,400
CARV,-17,700
CASH,-17,700
CCLP,-17,700
CCS,-17,600
CDE,-17,800
CLW,-17,600
CMTG,-17,800
COHR,-17,400
CRD.A,-17,800
CRVL,-17,700
CYH,-17,600
DEA,-17,600
ECPG,-17,700
ECVT,-17,800
EFC,-17,600
ENOV,-17,400
EPC,-17,600
EVC,-17,800
EVH,-17,800
FBIN,-17,400
FLGT,-17,700
FTAI,-17,700
GEF,-17,400
GGG,-17,400
GIC,-17,800
GRFS,-17,700
GRMN,-17,500
HEES,-17,700
HII,-17,500
HL,-17,800
HZO,-17,600
IART,-17,700
IGT,-17,800
IRWD,-17,700
JBGS,-17,600
KFRC,-17,700
KGS,-17,800
KIDS,-17,700
KN,-17,600
KODK,-17,800
KVUE,-17,500
LAUR,-17,700
LBRDA,-17,700
LBRDK,-17,700
MAX,-17,800
MCD,-17,500
MDRX,-17,700
MLR,-17,800
MOH,-17,500
MTG,-17,400
MYRG,-17,700
NEM,-17,500
NFE,-17,700
NRDY,-17,800
NSSC,-17,700
NTB,-17,800
NUVB,-17,800
NXRT,-17,600
NYCB,-17,400
ODC,-17,800
OII,-17,600
OPCH,-17,700
PAA,-17,700
PACB,-17,700
PATK,-17,700
PBH,-17,600
PDD,-17,700
PEGA,-17,700
PGR,-17,500
PIII,-17,700
PLOW,-17,800
PLYM,-17,800
PSN,-17,800
PSTL,-17,800
R,-17,400
RCM,-17,700
RCUS,-17,600
RDN,-17,600
RES,-17,600
ROCK,-17,700
ROIV,-17,700
RS,-17,400
RWT,-17,600
SBUX,-17,700
SD,-17,800
SHAK,-17,600
SIG,-17,600
SITC,-17,600
SKT,-17,600
SLG,-17,600
SNCY,-17,700
SND,-17,700
SRC,-17,400
STWD,-17,400
STX,-17,700
SWN,-17,400
SWX,-17,400
TDS,-17,600
THCH,-17,700
TRC,-17,800
TTC,-17,400
VRTV,-17,600
WGO,-17,600
WMG,-17,700
WNC,-17,600
WSO,-17,400
XPER,-17,600
ZLAB,-17,700
ZS,-17,700
AI,-18,800
ASC,-18,800
CBZ,-18,800
CVI,-18,600
ENR,-18,600
FNA,-18,800
IPG,-18,500
MEI,-18,600
MLP,-18,800
NTLA,-18,700
NTNX,-18,700
NYMT,-18,700
PAYC,-18,500
PRO,-18,800
PVH,-18,400
SLVM,-18,600
SYK,-18,500
TREE,-18,700
TYRA,-18,700
URBN,-18,700
BLDP,-19,700
MTX,-19,600
PACK,-19,800
STAG,-19,400
